query,mode,rank,doc_key,score,latency_ms,unique_sources,margin_top1_top2,gap_top1_topk,context_chars,relevance_score,groundedness_score,completeness_score
"I have been accused of financial fraud in a business partnership; I need to understand what constitutes \"dishonest inducement\" under Indian law and want to know about similar sample cases where a commercial dispute was wrongly categorized as a criminal cheating case.",vector,1,"A2013-18.pdf|244-244",0.72375405,587,4,0.0021159500000000886,0.005113750000000028,7523,,,
"I have been accused of financial fraud in a business partnership; I need to understand what constitutes \"dishonest inducement\" under Indian law and want to know about similar sample cases where a commercial dispute was wrongly categorized as a criminal cheating case.",vector,2,"A2013-18.pdf|143-143",0.7216381,587,4,0.0021159500000000886,0.005113750000000028,7523,,,
"I have been accused of financial fraud in a business partnership; I need to understand what constitutes \"dishonest inducement\" under Indian law and want to know about similar sample cases where a commercial dispute was wrongly categorized as a criminal cheating case.",vector,3,"A2009-06.pdf|18-18",0.721435,587,4,0.0021159500000000886,0.005113750000000028,7523,,,
"I have been accused of financial fraud in a business partnership; I need to understand what constitutes \"dishonest inducement\" under Indian law and want to know about similar sample cases where a commercial dispute was wrongly categorized as a criminal cheating case.",vector,4,"A2016-31.pdf|71-71",0.71943235,587,4,0.0021159500000000886,0.005113750000000028,7523,,,
"I have been accused of financial fraud in a business partnership; I need to understand what constitutes \"dishonest inducement\" under Indian law and want to know about similar sample cases where a commercial dispute was wrongly categorized as a criminal cheating case.",vector,5,"penal_code.pdf|103-103",0.7186403,587,4,0.0021159500000000886,0.005113750000000028,7523,,,
"I have been accused of financial fraud in a business partnership; I need to understand what constitutes \"dishonest inducement\" under Indian law and want to know about similar sample cases where a commercial dispute was wrongly categorized as a criminal cheating case.",pageIndex,1,"A2009-06.pdf|34-34",17.054027893310206,57,3,0.9148138672012784,3.0702786268444395,7591,,,
"I have been accused of financial fraud in a business partnership; I need to understand what constitutes \"dishonest inducement\" under Indian law and want to know about similar sample cases where a commercial dispute was wrongly categorized as a criminal cheating case.",pageIndex,2,"A2009-06.pdf|14-14",16.139214026108927,57,3,0.9148138672012784,3.0702786268444395,7591,,,
"I have been accused of financial fraud in a business partnership; I need to understand what constitutes \"dishonest inducement\" under Indian law and want to know about similar sample cases where a commercial dispute was wrongly categorized as a criminal cheating case.",pageIndex,3,"A2009-06.pdf|1-2",15.315214372457037,57,3,0.9148138672012784,3.0702786268444395,7591,,,
"I have been accused of financial fraud in a business partnership; I need to understand what constitutes \"dishonest inducement\" under Indian law and want to know about similar sample cases where a commercial dispute was wrongly categorized as a criminal cheating case.",pageIndex,4,"the_code_of_civil_procedure,_1908.pdf|176-176",14.02548427822968,57,3,0.9148138672012784,3.0702786268444395,7591,,,
"I have been accused of financial fraud in a business partnership; I need to understand what constitutes \"dishonest inducement\" under Indian law and want to know about similar sample cases where a commercial dispute was wrongly categorized as a criminal cheating case.",pageIndex,5,"2006___47.pdf|28-28",13.983749266465766,57,3,0.9148138672012784,3.0702786268444395,7591,,,
"A former colleague filed a defamation suit against me for a social media post; I want to know the legal \"exceptions\" for truth and public good, plus details on past cases where the High Court quashed defamation FIRs based on freedom of speech.",vector,1,"penal_code.pdf|115-115",0.73568845,52,3,0.0005795500000000953,0.027844310000000094,9892,,,
"A former colleague filed a defamation suit against me for a social media post; I want to know the legal \"exceptions\" for truth and public good, plus details on past cases where the High Court quashed defamation FIRs based on freedom of speech.",vector,2,"penal_code.pdf|115-115",0.7351089,52,3,0.0005795500000000953,0.027844310000000094,9892,,,
"A former colleague filed a defamation suit against me for a social media post; I want to know the legal \"exceptions\" for truth and public good, plus details on past cases where the High Court quashed defamation FIRs based on freedom of speech.",vector,3,"THE BHARATIYA NYAYA SANHITA, 2023.pdf|106-106",0.7283276,52,3,0.0005795500000000953,0.027844310000000094,9892,,,
"A former colleague filed a defamation suit against me for a social media post; I want to know the legal \"exceptions\" for truth and public good, plus details on past cases where the High Court quashed defamation FIRs based on freedom of speech.",vector,4,"THE BHARATIYA NYAYA SANHITA, 2023.pdf|107-107",0.71709615,52,3,0.0005795500000000953,0.027844310000000094,9892,,,
"A former colleague filed a defamation suit against me for a social media post; I want to know the legal \"exceptions\" for truth and public good, plus details on past cases where the High Court quashed defamation FIRs based on freedom of speech.",vector,5,"THE COMMERCIAL COURTS ACT, 2015.pdf|13-13",0.70784414,52,3,0.0005795500000000953,0.027844310000000094,9892,,,
"A former colleague filed a defamation suit against me for a social media post; I want to know the legal \"exceptions\" for truth and public good, plus details on past cases where the High Court quashed defamation FIRs based on freedom of speech.",pageIndex,1,"the_code_of_civil_procedure,_1908.pdf|26-26",16.242500576124907,22,4,1.609181794481641,3.0239923368393615,10351,,,
"A former colleague filed a defamation suit against me for a social media post; I want to know the legal \"exceptions\" for truth and public good, plus details on past cases where the High Court quashed defamation FIRs based on freedom of speech.",pageIndex,2,"A2007-41.pdf|4-4",14.633318781643267,22,4,1.609181794481641,3.0239923368393615,10351,,,
"A former colleague filed a defamation suit against me for a social media post; I want to know the legal \"exceptions\" for truth and public good, plus details on past cases where the High Court quashed defamation FIRs based on freedom of speech.",pageIndex,3,"penal_code.pdf|13-13",14.293506893960178,22,4,1.609181794481641,3.0239923368393615,10351,,,
"A former colleague filed a defamation suit against me for a social media post; I want to know the legal \"exceptions\" for truth and public good, plus details on past cases where the High Court quashed defamation FIRs based on freedom of speech.",pageIndex,4,"the_code_of_civil_procedure,_1908.pdf|5-5",13.349414982919377,22,4,1.609181794481641,3.0239923368393615,10351,,,
"A former colleague filed a defamation suit against me for a social media post; I want to know the legal \"exceptions\" for truth and public good, plus details on past cases where the High Court quashed defamation FIRs based on freedom of speech.",pageIndex,5,"A2016-16.pdf|20-20",13.218508239285546,22,4,1.609181794481641,3.0239923368393615,10351,,,
"As a doctor, I am being blamed for a patient's death during surgery; I need to know the specific \"gross negligence\" criteria set by the Supreme Court and similar past cases like Jacob Mathew v. State of Punjab.",vector,1,"THE BHARATIYA NYAYA SANHITA, 2023.pdf|24-24",0.7552651,47,2,0.002749200000000007,0.04345270000000001,10393,,,
"As a doctor, I am being blamed for a patient's death during surgery; I need to know the specific \"gross negligence\" criteria set by the Supreme Court and similar past cases like Jacob Mathew v. State of Punjab.",vector,2,"THE BHARATIYA NYAYA SANHITA, 2023.pdf|26-26",0.7525159,47,2,0.002749200000000007,0.04345270000000001,10393,,,
"As a doctor, I am being blamed for a patient's death during surgery; I need to know the specific \"gross negligence\" criteria set by the Supreme Court and similar past cases like Jacob Mathew v. State of Punjab.",vector,3,"THE BHARATIYA NYAYA SANHITA, 2023.pdf|45-45",0.7414888,47,2,0.002749200000000007,0.04345270000000001,10393,,,
"As a doctor, I am being blamed for a patient's death during surgery; I need to know the specific \"gross negligence\" criteria set by the Supreme Court and similar past cases like Jacob Mathew v. State of Punjab.",vector,4,"THE BHARATIYA NYAYA SANHITA, 2023.pdf|25-25",0.723908,47,2,0.002749200000000007,0.04345270000000001,10393,,,
"As a doctor, I am being blamed for a patient's death during surgery; I need to know the specific \"gross negligence\" criteria set by the Supreme Court and similar past cases like Jacob Mathew v. State of Punjab.",vector,5,"AFOOD.pdf|33-33",0.7118124,47,2,0.002749200000000007,0.04345270000000001,10393,,,
"As a doctor, I am being blamed for a patient's death during surgery; I need to know the specific \"gross negligence\" criteria set by the Supreme Court and similar past cases like Jacob Mathew v. State of Punjab.",pageIndex,1,"THE BHARATIYA NYAYA SANHITA, 2023.pdf|26-26",17.820670817539938,25,3,2.612544696175414,6.398007022890729,9630,,,
"As a doctor, I am being blamed for a patient's death during surgery; I need to know the specific \"gross negligence\" criteria set by the Supreme Court and similar past cases like Jacob Mathew v. State of Punjab.",pageIndex,2,"penal_code.pdf|27-27",15.208126121364524,25,3,2.612544696175414,6.398007022890729,9630,,,
"As a doctor, I am being blamed for a patient's death during surgery; I need to know the specific \"gross negligence\" criteria set by the Supreme Court and similar past cases like Jacob Mathew v. State of Punjab.",pageIndex,3,"a2009-25.pdf|5-5",12.648096866453887,25,3,2.612544696175414,6.398007022890729,9630,,,
"As a doctor, I am being blamed for a patient's death during surgery; I need to know the specific \"gross negligence\" criteria set by the Supreme Court and similar past cases like Jacob Mathew v. State of Punjab.",pageIndex,4,"a2009-25.pdf|6-6",11.46562689911814,25,3,2.612544696175414,6.398007022890729,9630,,,
"As a doctor, I am being blamed for a patient's death during surgery; I need to know the specific \"gross negligence\" criteria set by the Supreme Court and similar past cases like Jacob Mathew v. State of Punjab.",pageIndex,5,"a2009-25.pdf|5-5",11.422663794649209,25,3,2.612544696175414,6.398007022890729,9630,,,
"I am a suspect in a gold theft case from a residence; I want to understand the requirements for \"recovery of property\" as evidence and similar cases where the accused was acquitted due to a lack of direct eyewitnesses.",vector,1,"THE BHARATIYA SAKSHYA ADHINIYAM, 2023.pdf|43-43",0.79233545,57,2,0.0662722,0.07340681000000004,9833,,,
"I am a suspect in a gold theft case from a residence; I want to understand the requirements for \"recovery of property\" as evidence and similar cases where the accused was acquitted due to a lack of direct eyewitnesses.",vector,2,"THE BHARATIYA NAGARIK SURAKSHA SANHITA, 2023 \u2013 ARRANGEMENT OF CLAUSES.pdf|141-141",0.72606325,57,2,0.0662722,0.07340681000000004,9833,,,
"I am a suspect in a gold theft case from a residence; I want to understand the requirements for \"recovery of property\" as evidence and similar cases where the accused was acquitted due to a lack of direct eyewitnesses.",vector,3,"THE BHARATIYA NAGARIK SURAKSHA SANHITA, 2023 \u2013 ARRANGEMENT OF CLAUSES.pdf|84-84",0.722525,57,2,0.0662722,0.07340681000000004,9833,,,
"I am a suspect in a gold theft case from a residence; I want to understand the requirements for \"recovery of property\" as evidence and similar cases where the accused was acquitted due to a lack of direct eyewitnesses.",vector,4,"THE BHARATIYA NAGARIK SURAKSHA SANHITA, 2023 \u2013 ARRANGEMENT OF CLAUSES.pdf|143-143",0.72236097,57,2,0.0662722,0.07340681000000004,9833,,,
"I am a suspect in a gold theft case from a residence; I want to understand the requirements for \"recovery of property\" as evidence and similar cases where the accused was acquitted due to a lack of direct eyewitnesses.",vector,5,"THE BHARATIYA NAGARIK SURAKSHA SANHITA, 2023 \u2013 ARRANGEMENT OF CLAUSES.pdf|169-169",0.71892864,57,2,0.0662722,0.07340681000000004,9833,,,
"I am a suspect in a gold theft case from a residence; I want to understand the requirements for \"recovery of property\" as evidence and similar cases where the accused was acquitted due to a lack of direct eyewitnesses.",pageIndex,1,"THE BHARATIYA SAKSHYA ADHINIYAM, 2023.pdf|12-12",13.868791478013277,38,4,0.3115675593114222,1.5032908229835655,8609,,,
"I am a suspect in a gold theft case from a residence; I want to understand the requirements for \"recovery of property\" as evidence and similar cases where the accused was acquitted due to a lack of direct eyewitnesses.",pageIndex,2,"A2005-27.pdf|52-55",13.557223918701855,38,4,0.3115675593114222,1.5032908229835655,8609,,,
"I am a suspect in a gold theft case from a residence; I want to understand the requirements for \"recovery of property\" as evidence and similar cases where the accused was acquitted due to a lack of direct eyewitnesses.",pageIndex,3,"penal_code.pdf|94-94",13.202878878865915,38,4,0.3115675593114222,1.5032908229835655,8609,,,
"I am a suspect in a gold theft case from a residence; I want to understand the requirements for \"recovery of property\" as evidence and similar cases where the accused was acquitted due to a lack of direct eyewitnesses.",pageIndex,4,"THE BHARATIYA NAGARIK SURAKSHA SANHITA, 2023 \u2013 ARRANGEMENT OF CLAUSES.pdf|72-72",12.622757863916547,38,4,0.3115675593114222,1.5032908229835655,8609,,,
"I am a suspect in a gold theft case from a residence; I want to understand the requirements for \"recovery of property\" as evidence and similar cases where the accused was acquitted due to a lack of direct eyewitnesses.",pageIndex,5,"THE BHARATIYA NAGARIK SURAKSHA SANHITA, 2023 \u2013 ARRANGEMENT OF CLAUSES.pdf|234-235",12.365500655029711,38,4,0.3115675593114222,1.5032908229835655,8609,,,
"My wife has filed a case against my entire family for cruelty; I need to know the latest Supreme Court guidelines on preventing \"frivolous litigation\" and sample cases where family members' names were removed from the FIR.",vector,1,"the_code_of_civil_procedure,_1908.pdf|127-127",0.693658,52,4,0.010242470000000004,0.012530000000000041,9453,,,
"My wife has filed a case against my entire family for cruelty; I need to know the latest Supreme Court guidelines on preventing \"frivolous litigation\" and sample cases where family members' names were removed from the FIR.",vector,2,"penal_code.pdf|118-118",0.68341553,52,4,0.010242470000000004,0.012530000000000041,9453,,,
"My wife has filed a case against my entire family for cruelty; I need to know the latest Supreme Court guidelines on preventing \"frivolous litigation\" and sample cases where family members' names were removed from the FIR.",vector,3,"the_code_of_civil_procedure,_1908.pdf|127-127",0.68259895,52,4,0.010242470000000004,0.012530000000000041,9453,,,
"My wife has filed a case against my entire family for cruelty; I need to know the latest Supreme Court guidelines on preventing \"frivolous litigation\" and sample cases where family members' names were removed from the FIR.",vector,4,"Indian_Constitution.pdf|353-353",0.68193066,52,4,0.010242470000000004,0.012530000000000041,9453,,,
"My wife has filed a case against my entire family for cruelty; I need to know the latest Supreme Court guidelines on preventing \"frivolous litigation\" and sample cases where family members' names were removed from the FIR.",vector,5,"A2005-43.pdf|8-8",0.681128,52,4,0.010242470000000004,0.012530000000000041,9453,,,
"My wife has filed a case against my entire family for cruelty; I need to know the latest Supreme Court guidelines on preventing \"frivolous litigation\" and sample cases where family members' names were removed from the FIR.",pageIndex,1,"penal_code.pdf|114-114",18.28919586650608,24,5,0.9195573473852257,3.3940937559934223,9878,,,
"My wife has filed a case against my entire family for cruelty; I need to know the latest Supreme Court guidelines on preventing \"frivolous litigation\" and sample cases where family members' names were removed from the FIR.",pageIndex,2,"THE BHARATIYA NYAYA SANHITA, 2023.pdf|40-40",17.369638519120855,24,5,0.9195573473852257,3.3940937559934223,9878,,,
"My wife has filed a case against my entire family for cruelty; I need to know the latest Supreme Court guidelines on preventing \"frivolous litigation\" and sample cases where family members' names were removed from the FIR.",pageIndex,3,"THE COMMERCIAL COURTS ACT, 2015.pdf|6-6",15.14671254537017,24,5,0.9195573473852257,3.3940937559934223,9878,,,
"My wife has filed a case against my entire family for cruelty; I need to know the latest Supreme Court guidelines on preventing \"frivolous litigation\" and sample cases where family members' names were removed from the FIR.",pageIndex,4,"a2016-04.pdf|6-6",15.14671254537017,24,5,0.9195573473852257,3.3940937559934223,9878,,,
"My wife has filed a case against my entire family for cruelty; I need to know the latest Supreme Court guidelines on preventing \"frivolous litigation\" and sample cases where family members' names were removed from the FIR.",pageIndex,5,"the_code_of_civil_procedure,_1908.pdf|236-236",14.895102110512658,24,5,0.9195573473852257,3.3940937559934223,9878,,,
"I am accused of causing a death in a street fight without intent; I want to know the legal distinction between \"knowledge\" and \"intention\" in such acts and past cases where the charge was reduced from murder to culpable homicide.",vector,1,"penal_code.pdf|74-74",0.76816106,54,3,0.002006159999999979,0.008400759999999896,9020,,,
"I am accused of causing a death in a street fight without intent; I want to know the legal distinction between \"knowledge\" and \"intention\" in such acts and past cases where the charge was reduced from murder to culpable homicide.",vector,2,"THE BHARATIYA NYAYA SANHITA, 2023.pdf|43-43",0.7661549,54,3,0.002006159999999979,0.008400759999999896,9020,,,
"I am accused of causing a death in a street fight without intent; I want to know the legal distinction between \"knowledge\" and \"intention\" in such acts and past cases where the charge was reduced from murder to culpable homicide.",vector,3,"THE BHARATIYA SAKSHYA ADHINIYAM, 2023.pdf|9-9",0.76543164,54,3,0.002006159999999979,0.008400759999999896,9020,,,
"I am accused of causing a death in a street fight without intent; I want to know the legal distinction between \"knowledge\" and \"intention\" in such acts and past cases where the charge was reduced from murder to culpable homicide.",vector,4,"THE BHARATIYA NYAYA SANHITA, 2023.pdf|42-42",0.7607254,54,3,0.002006159999999979,0.008400759999999896,9020,,,
"I am accused of causing a death in a street fight without intent; I want to know the legal distinction between \"knowledge\" and \"intention\" in such acts and past cases where the charge was reduced from murder to culpable homicide.",vector,5,"penal_code.pdf|73-73",0.7597603,54,3,0.002006159999999979,0.008400759999999896,9020,,,
"I am accused of causing a death in a street fight without intent; I want to know the legal distinction between \"knowledge\" and \"intention\" in such acts and past cases where the charge was reduced from murder to culpable homicide.",pageIndex,1,"penal_code.pdf|8-8",20.606190658110833,35,3,0.09951338639789498,1.8718230178804056,8921,,,
"I am accused of causing a death in a street fight without intent; I want to know the legal distinction between \"knowledge\" and \"intention\" in such acts and past cases where the charge was reduced from murder to culpable homicide.",pageIndex,2,"THE BHARATIYA NYAYA SANHITA, 2023.pdf|3-4",20.506677271712938,35,3,0.09951338639789498,1.8718230178804056,8921,,,
"I am accused of causing a death in a street fight without intent; I want to know the legal distinction between \"knowledge\" and \"intention\" in such acts and past cases where the charge was reduced from murder to culpable homicide.",pageIndex,3,"penal_code.pdf|74-74",20.016471615988436,35,3,0.09951338639789498,1.8718230178804056,8921,,,
"I am accused of causing a death in a street fight without intent; I want to know the legal distinction between \"knowledge\" and \"intention\" in such acts and past cases where the charge was reduced from murder to culpable homicide.",pageIndex,4,"THE BHARATIYA NAGARIK SURAKSHA SANHITA, 2023 \u2013 ARRANGEMENT OF CLAUSES.pdf|180-180",18.755414388941727,35,3,0.09951338639789498,1.8718230178804056,8921,,,
"I am accused of causing a death in a street fight without intent; I want to know the legal distinction between \"knowledge\" and \"intention\" in such acts and past cases where the charge was reduced from murder to culpable homicide.",pageIndex,5,"penal_code.pdf|77-77",18.734367640230428,35,3,0.09951338639789498,1.8718230178804056,8921,,,
"I am accused of unauthorized access to a company\u2019s database; I need to understand the technical definitions of \"hacking\" under Section 66 and similar cases where the prosecution failed to prove the digital \"chain of custody.\"",vector,1,"engaadhaar.pdf|19-19",0.729362,40,5,0.03199742999999999,0.037337899999999924,9617,,,
"I am accused of unauthorized access to a company\u2019s database; I need to understand the technical definitions of \"hacking\" under Section 66 and similar cases where the prosecution failed to prove the digital \"chain of custody.\"",vector,2,"THE BHARATIYA NAGARIK SURAKSHA SANHITA, 2023 \u2013 ARRANGEMENT OF CLAUSES.pdf|84-84",0.69736457,40,5,0.03199742999999999,0.037337899999999924,9617,,,
"I am accused of unauthorized access to a company\u2019s database; I need to understand the technical definitions of \"hacking\" under Section 66 and similar cases where the prosecution failed to prove the digital \"chain of custody.\"",vector,3,"A2013-18.pdf|143-143",0.69564295,40,5,0.03199742999999999,0.037337899999999924,9617,,,
"I am accused of unauthorized access to a company\u2019s database; I need to understand the technical definitions of \"hacking\" under Section 66 and similar cases where the prosecution failed to prove the digital \"chain of custody.\"",vector,4,"penal_code.pdf|111-111",0.69432783,40,5,0.03199742999999999,0.037337899999999924,9617,,,
"I am accused of unauthorized access to a company\u2019s database; I need to understand the technical definitions of \"hacking\" under Section 66 and similar cases where the prosecution failed to prove the digital \"chain of custody.\"",vector,5,"a2013-23.pdf|12-12",0.6920241,40,5,0.03199742999999999,0.037337899999999924,9617,,,
"I am accused of unauthorized access to a company\u2019s database; I need to understand the technical definitions of \"hacking\" under Section 66 and similar cases where the prosecution failed to prove the digital \"chain of custody.\"",pageIndex,1,"a2007-51.pdf|6-6",14.359989417829736,30,5,0.6538958483583137,1.631096779655305,7992,,,
"I am accused of unauthorized access to a company\u2019s database; I need to understand the technical definitions of \"hacking\" under Section 66 and similar cases where the prosecution failed to prove the digital \"chain of custody.\"",pageIndex,2,"A200530.pdf|12-12",13.706093569471422,30,5,0.6538958483583137,1.631096779655305,7992,,,
"I am accused of unauthorized access to a company\u2019s database; I need to understand the technical definitions of \"hacking\" under Section 66 and similar cases where the prosecution failed to prove the digital \"chain of custody.\"",pageIndex,3,"2006___47.pdf|28-28",13.11996912663282,30,5,0.6538958483583137,1.631096779655305,7992,,,
"I am accused of unauthorized access to a company\u2019s database; I need to understand the technical definitions of \"hacking\" under Section 66 and similar cases where the prosecution failed to prove the digital \"chain of custody.\"",pageIndex,4,"aaa200553.pdf|15-15",12.898532725465166,30,5,0.6538958483583137,1.631096779655305,7992,,,
"I am accused of unauthorized access to a company\u2019s database; I need to understand the technical definitions of \"hacking\" under Section 66 and similar cases where the prosecution failed to prove the digital \"chain of custody.\"",pageIndex,5,"A2003-36.pdf|16-16",12.72889263817443,30,5,0.6538958483583137,1.631096779655305,7992,,,
"I am accused of obstructing a government official during a protest; I want to know the specific boundaries of \"lawful discharge of duty\" and sample cases where the court found the official's actions were unauthorized.",vector,1,"penal_code.pdf|6-6",0.7261283,48,3,0.014638149999999905,0.02557285999999992,7750,,,
"I am accused of obstructing a government official during a protest; I want to know the specific boundaries of \"lawful discharge of duty\" and sample cases where the court found the official's actions were unauthorized.",vector,2,"THE BHARATIYA NYAYA SANHITA, 2023.pdf|10-10",0.71149015,48,3,0.014638149999999905,0.02557285999999992,7750,,,
"I am accused of obstructing a government official during a protest; I want to know the specific boundaries of \"lawful discharge of duty\" and sample cases where the court found the official's actions were unauthorized.",vector,3,"penal_code.pdf|50-50",0.70764667,48,3,0.014638149999999905,0.02557285999999992,7750,,,
"I am accused of obstructing a government official during a protest; I want to know the specific boundaries of \"lawful discharge of duty\" and sample cases where the court found the official's actions were unauthorized.",vector,4,"THE BHARATIYA NYAYA SANHITA, 2023.pdf|8-8",0.7013175,48,3,0.014638149999999905,0.02557285999999992,7750,,,
"I am accused of obstructing a government official during a protest; I want to know the specific boundaries of \"lawful discharge of duty\" and sample cases where the court found the official's actions were unauthorized.",vector,5,"AA2010__19green.pdf|6-6",0.70055544,48,3,0.014638149999999905,0.02557285999999992,7750,,,
"I am accused of obstructing a government official during a protest; I want to know the specific boundaries of \"lawful discharge of duty\" and sample cases where the court found the official's actions were unauthorized.",pageIndex,1,"THE BHARATIYA NAGARIK SURAKSHA SANHITA, 2023 \u2013 ARRANGEMENT OF CLAUSES.pdf|207-208",13.650552469613242,32,4,1.3995589571966125,2.1869801465202503,8733,,,
"I am accused of obstructing a government official during a protest; I want to know the specific boundaries of \"lawful discharge of duty\" and sample cases where the court found the official's actions were unauthorized.",pageIndex,2,"THE BHARATIYA SAKSHYA ADHINIYAM, 2023.pdf|12-12",12.25099351241663,32,4,1.3995589571966125,2.1869801465202503,8733,,,
"I am accused of obstructing a government official during a protest; I want to know the specific boundaries of \"lawful discharge of duty\" and sample cases where the court found the official's actions were unauthorized.",pageIndex,3,"THE BHARATIYA NAGARIK SURAKSHA SANHITA, 2023 \u2013 ARRANGEMENT OF CLAUSES.pdf|171-171",11.528767513435014,32,4,1.3995589571966125,2.1869801465202503,8733,,,
"I am accused of obstructing a government official during a protest; I want to know the specific boundaries of \"lawful discharge of duty\" and sample cases where the court found the official's actions were unauthorized.",pageIndex,4,"A2013-18.pdf|303-303",11.480586001534851,32,4,1.3995589571966125,2.1869801465202503,8733,,,
"I am accused of obstructing a government official during a protest; I want to know the specific boundaries of \"lawful discharge of duty\" and sample cases where the court found the official's actions were unauthorized.",pageIndex,5,"the_code_of_civil_procedure,_1908.pdf|122-122",11.463572323092992,32,4,1.3995589571966125,2.1869801465202503,8733,,,
"I am being blamed for the suicide of a friend following a verbal argument; I need to know what constitutes \"instigation\" in Indian law and past cases where the court ruled that mere scolding is not abetment.",vector,1,"penal_code.pdf|30-30",0.75685614,49,3,0.03502660999999996,0.05272728000000004,6625,,,
"I am being blamed for the suicide of a friend following a verbal argument; I need to know what constitutes \"instigation\" in Indian law and past cases where the court ruled that mere scolding is not abetment.",vector,2,"THE BHARATIYA NYAYA SANHITA, 2023.pdf|29-29",0.72182953,49,3,0.03502660999999996,0.05272728000000004,6625,,,
"I am being blamed for the suicide of a friend following a verbal argument; I need to know what constitutes \"instigation\" in Indian law and past cases where the court ruled that mere scolding is not abetment.",vector,3,"THE BHARATIYA NYAYA SANHITA, 2023.pdf|30-30",0.70543927,49,3,0.03502660999999996,0.05272728000000004,6625,,,
"I am being blamed for the suicide of a friend following a verbal argument; I need to know what constitutes \"instigation\" in Indian law and past cases where the court ruled that mere scolding is not abetment.",vector,4,"THE BHARATIYA NYAYA SANHITA, 2023.pdf|43-43",0.7046831,49,3,0.03502660999999996,0.05272728000000004,6625,,,
"I am being blamed for the suicide of a friend following a verbal argument; I need to know what constitutes \"instigation\" in Indian law and past cases where the court ruled that mere scolding is not abetment.",vector,5,"the_code_of_civil_procedure,_1908.pdf|111-111",0.70412886,49,3,0.03502660999999996,0.05272728000000004,6625,,,
"I am being blamed for the suicide of a friend following a verbal argument; I need to know what constitutes \"instigation\" in Indian law and past cases where the court ruled that mere scolding is not abetment.",pageIndex,1,"the_code_of_civil_procedure,_1908.pdf|176-176",12.113711628427115,28,3,0.7119820665076535,1.0466507847048678,6776,,,
"I am being blamed for the suicide of a friend following a verbal argument; I need to know what constitutes \"instigation\" in Indian law and past cases where the court ruled that mere scolding is not abetment.",pageIndex,2,"THE BHARATIYA NYAYA SANHITA, 2023.pdf|3-4",11.401729561919462,28,3,0.7119820665076535,1.0466507847048678,6776,,,
"I am being blamed for the suicide of a friend following a verbal argument; I need to know what constitutes \"instigation\" in Indian law and past cases where the court ruled that mere scolding is not abetment.",pageIndex,3,"THE BHARATIYA NYAYA SANHITA, 2023.pdf|45-45",11.393822558291713,28,3,0.7119820665076535,1.0466507847048678,6776,,,
"I am being blamed for the suicide of a friend following a verbal argument; I need to know what constitutes \"instigation\" in Indian law and past cases where the court ruled that mere scolding is not abetment.",pageIndex,4,"the_code_of_civil_procedure,_1908.pdf|124-124",11.345546404347038,28,3,0.7119820665076535,1.0466507847048678,6776,,,
"I am being blamed for the suicide of a friend following a verbal argument; I need to know what constitutes \"instigation\" in Indian law and past cases where the court ruled that mere scolding is not abetment.",pageIndex,5,"penal_code.pdf|8-8",11.067060843722247,28,3,0.7119820665076535,1.0466507847048678,6776,,,
"Police claim they found banned substances in my car; I want to know the mandatory procedures under Section 50 regarding personal search and similar cases where the accused was freed because the police didn't follow the search protocol.",vector,1,"THE BHARATIYA NAGARIK SURAKSHA SANHITA, 2023 \u2013 ARRANGEMENT OF CLAUSES.pdf|48-48",0.70694685,58,2,0.0031334200000000534,0.006410350000000009,10292,,,
"Police claim they found banned substances in my car; I want to know the mandatory procedures under Section 50 regarding personal search and similar cases where the accused was freed because the police didn't follow the search protocol.",vector,2,"THE BHARATIYA NAGARIK SURAKSHA SANHITA, 2023 \u2013 ARRANGEMENT OF CLAUSES.pdf|48-48",0.70381343,58,2,0.0031334200000000534,0.006410350000000009,10292,,,
"Police claim they found banned substances in my car; I want to know the mandatory procedures under Section 50 regarding personal search and similar cases where the accused was freed because the police didn't follow the search protocol.",vector,3,"THE BHARATIYA NAGARIK SURAKSHA SANHITA, 2023 \u2013 ARRANGEMENT OF CLAUSES.pdf|47-47",0.70183516,58,2,0.0031334200000000534,0.006410350000000009,10292,,,
"Police claim they found banned substances in my car; I want to know the mandatory procedures under Section 50 regarding personal search and similar cases where the accused was freed because the police didn't follow the search protocol.",vector,4,"THE BHARATIYA NAGARIK SURAKSHA SANHITA, 2023 \u2013 ARRANGEMENT OF CLAUSES.pdf|35-35",0.7015921,58,2,0.0031334200000000534,0.006410350000000009,10292,,,
"Police claim they found banned substances in my car; I want to know the mandatory procedures under Section 50 regarding personal search and similar cases where the accused was freed because the police didn't follow the search protocol.",vector,5,"A2005-27.pdf|35-35",0.7005365,58,2,0.0031334200000000534,0.006410350000000009,10292,,,
"Police claim they found banned substances in my car; I want to know the mandatory procedures under Section 50 regarding personal search and similar cases where the accused was freed because the police didn't follow the search protocol.",pageIndex,1,"the_code_of_civil_procedure,_1908.pdf|5-5",12.817246465624114,19,4,0.1779653101100802,1.2774962885325998,8541,,,
"Police claim they found banned substances in my car; I want to know the mandatory procedures under Section 50 regarding personal search and similar cases where the accused was freed because the police didn't follow the search protocol.",pageIndex,2,"the_code_of_civil_procedure,_1908.pdf|62-62",12.639281155514034,19,4,0.1779653101100802,1.2774962885325998,8541,,,
"Police claim they found banned substances in my car; I want to know the mandatory procedures under Section 50 regarding personal search and similar cases where the accused was freed because the police didn't follow the search protocol.",pageIndex,3,"THE BHARATIYA NAGARIK SURAKSHA SANHITA, 2023 \u2013 ARRANGEMENT OF CLAUSES.pdf|232-233",12.328336367851376,19,4,0.1779653101100802,1.2774962885325998,8541,,,
"Police claim they found banned substances in my car; I want to know the mandatory procedures under Section 50 regarding personal search and similar cases where the accused was freed because the police didn't follow the search protocol.",pageIndex,4,"penal_code.pdf|51-51",12.018754750780237,19,4,0.1779653101100802,1.2774962885325998,8541,,,
"Police claim they found banned substances in my car; I want to know the mandatory procedures under Section 50 regarding personal search and similar cases where the accused was freed because the police didn't follow the search protocol.",pageIndex,5,"THE BHARATIYA NYAYA SANHITA, 2023.pdf|72-72",11.539750177091515,19,4,0.1779653101100802,1.2774962885325998,8541,,,
"A neighbor accused me of entering their land with intent to intimidate; I want to know how \"possession\" is proven in court and sample cases regarding boundary disputes that were turned into criminal trespass.",vector,1,"penal_code.pdf|106-106",0.72583497,43,3,0.01351053000000002,0.02911136999999997,8697,,,
"A neighbor accused me of entering their land with intent to intimidate; I want to know how \"possession\" is proven in court and sample cases regarding boundary disputes that were turned into criminal trespass.",vector,2,"THE BHARATIYA NYAYA SANHITA, 2023.pdf|97-97",0.71232444,43,3,0.01351053000000002,0.02911136999999997,8697,,,
"A neighbor accused me of entering their land with intent to intimidate; I want to know how \"possession\" is proven in court and sample cases regarding boundary disputes that were turned into criminal trespass.",vector,3,"THE BHARATIYA NYAYA SANHITA, 2023.pdf|97-97",0.70385295,43,3,0.01351053000000002,0.02911136999999997,8697,,,
"A neighbor accused me of entering their land with intent to intimidate; I want to know how \"possession\" is proven in court and sample cases regarding boundary disputes that were turned into criminal trespass.",vector,4,"THE BHARATIYA SAKSHYA ADHINIYAM, 2023.pdf|43-43",0.69726914,43,3,0.01351053000000002,0.02911136999999997,8697,,,
"A neighbor accused me of entering their land with intent to intimidate; I want to know how \"possession\" is proven in court and sample cases regarding boundary disputes that were turned into criminal trespass.",vector,5,"penal_code.pdf|105-105",0.6967236,43,3,0.01351053000000002,0.02911136999999997,8697,,,
"A neighbor accused me of entering their land with intent to intimidate; I want to know how \"possession\" is proven in court and sample cases regarding boundary disputes that were turned into criminal trespass.",pageIndex,1,"THE BHARATIYA NYAYA SANHITA, 2023.pdf|97-97",22.543609504064833,26,4,3.5086974098878656,10.194885905337255,8635,,,
"A neighbor accused me of entering their land with intent to intimidate; I want to know how \"possession\" is proven in court and sample cases regarding boundary disputes that were turned into criminal trespass.",pageIndex,2,"penal_code.pdf|106-106",19.034912094176967,26,4,3.5086974098878656,10.194885905337255,8635,,,
"A neighbor accused me of entering their land with intent to intimidate; I want to know how \"possession\" is proven in court and sample cases regarding boundary disputes that were turned into criminal trespass.",pageIndex,3,"penal_code.pdf|105-105",18.42202924425166,26,4,3.5086974098878656,10.194885905337255,8635,,,
"A neighbor accused me of entering their land with intent to intimidate; I want to know how \"possession\" is proven in court and sample cases regarding boundary disputes that were turned into criminal trespass.",pageIndex,4,"THE BHARATIYA NAGARIK SURAKSHA SANHITA, 2023 \u2013 ARRANGEMENT OF CLAUSES.pdf|134-134",12.355738983431682,26,4,3.5086974098878656,10.194885905337255,8635,,,
"A neighbor accused me of entering their land with intent to intimidate; I want to know how \"possession\" is proven in court and sample cases regarding boundary disputes that were turned into criminal trespass.",pageIndex,5,"THE BHARATIYA SAKSHYA ADHINIYAM, 2023.pdf|12-12",12.348723598727577,26,4,3.5086974098878656,10.194885905337255,8635,,,
"I am accused of forging a signature on a property deed; I need to know how the Forensic Science Laboratory (FSL) reports are weighed as evidence and past cases where handwriting experts' opinions were challenged.",vector,1,"penal_code.pdf|51-51",0.7671498,44,3,0.006735599999999953,0.03484933999999995,9080,,,
"I am accused of forging a signature on a property deed; I need to know how the Forensic Science Laboratory (FSL) reports are weighed as evidence and past cases where handwriting experts' opinions were challenged.",vector,2,"THE BHARATIYA SAKSHYA ADHINIYAM, 2023.pdf|22-22",0.7604142,44,3,0.006735599999999953,0.03484933999999995,9080,,,
"I am accused of forging a signature on a property deed; I need to know how the Forensic Science Laboratory (FSL) reports are weighed as evidence and past cases where handwriting experts' opinions were challenged.",vector,3,"THE BHARATIYA NYAYA SANHITA, 2023.pdf|73-73",0.74919736,44,3,0.006735599999999953,0.03484933999999995,9080,,,
"I am accused of forging a signature on a property deed; I need to know how the Forensic Science Laboratory (FSL) reports are weighed as evidence and past cases where handwriting experts' opinions were challenged.",vector,4,"THE BHARATIYA NYAYA SANHITA, 2023.pdf|100-100",0.74094015,44,3,0.006735599999999953,0.03484933999999995,9080,,,
"I am accused of forging a signature on a property deed; I need to know how the Forensic Science Laboratory (FSL) reports are weighed as evidence and past cases where handwriting experts' opinions were challenged.",vector,5,"THE BHARATIYA NYAYA SANHITA, 2023.pdf|91-91",0.73230046,44,3,0.006735599999999953,0.03484933999999995,9080,,,
"I am accused of forging a signature on a property deed; I need to know how the Forensic Science Laboratory (FSL) reports are weighed as evidence and past cases where handwriting experts' opinions were challenged.",pageIndex,1,"THE BHARATIYA NAGARIK SURAKSHA SANHITA, 2023 \u2013 ARRANGEMENT OF CLAUSES.pdf|243-244",15.263420276131471,24,3,0.4797362249148893,0.644760236352381,8860,,,
"I am accused of forging a signature on a property deed; I need to know how the Forensic Science Laboratory (FSL) reports are weighed as evidence and past cases where handwriting experts' opinions were challenged.",pageIndex,2,"A2013-18.pdf|256-256",14.783684051216582,24,3,0.4797362249148893,0.644760236352381,8860,,,
"I am accused of forging a signature on a property deed; I need to know how the Forensic Science Laboratory (FSL) reports are weighed as evidence and past cases where handwriting experts' opinions were challenged.",pageIndex,3,"THE BHARATIYA SAKSHYA ADHINIYAM, 2023.pdf|12-12",14.783600489303906,24,3,0.4797362249148893,0.644760236352381,8860,,,
"I am accused of forging a signature on a property deed; I need to know how the Forensic Science Laboratory (FSL) reports are weighed as evidence and past cases where handwriting experts' opinions were challenged.",pageIndex,4,"THE BHARATIYA NAGARIK SURAKSHA SANHITA, 2023 \u2013 ARRANGEMENT OF CLAUSES.pdf|95-95",14.666030890558359,24,3,0.4797362249148893,0.644760236352381,8860,,,
"I am accused of forging a signature on a property deed; I need to know how the Forensic Science Laboratory (FSL) reports are weighed as evidence and past cases where handwriting experts' opinions were challenged.",pageIndex,5,"A2013-18.pdf|257-257",14.61866003977909,24,3,0.4797362249148893,0.644760236352381,8860,,,
"I was involved in a car accident and charged with reckless driving; I want to know how \"high speed\" vs \"rashness\" is determined and similar cases where the accident was attributed to mechanical failure rather than driver fault.",vector,1,"NEW-ROAD-SIGNS.pdf|2-2",0.7028179,53,3,0.02859719999999999,0.035136900000000026,9845,,,
"I was involved in a car accident and charged with reckless driving; I want to know how \"high speed\" vs \"rashness\" is determined and similar cases where the accident was attributed to mechanical failure rather than driver fault.",vector,2,"NEW-ROAD-SIGNS.pdf|2-2",0.6742207,53,3,0.02859719999999999,0.035136900000000026,9845,,,
"I was involved in a car accident and charged with reckless driving; I want to know how \"high speed\" vs \"rashness\" is determined and similar cases where the accident was attributed to mechanical failure rather than driver fault.",vector,3,"THE BHARATIYA SAKSHYA ADHINIYAM, 2023.pdf|15-15",0.6707068,53,3,0.02859719999999999,0.035136900000000026,9845,,,
"I was involved in a car accident and charged with reckless driving; I want to know how \"high speed\" vs \"rashness\" is determined and similar cases where the accident was attributed to mechanical failure rather than driver fault.",vector,4,"penal_code.pdf|25-25",0.66853666,53,3,0.02859719999999999,0.035136900000000026,9845,,,
"I was involved in a car accident and charged with reckless driving; I want to know how \"high speed\" vs \"rashness\" is determined and similar cases where the accident was attributed to mechanical failure rather than driver fault.",vector,5,"penal_code.pdf|75-75",0.667681,53,3,0.02859719999999999,0.035136900000000026,9845,,,
"I was involved in a car accident and charged with reckless driving; I want to know how \"high speed\" vs \"rashness\" is determined and similar cases where the accident was attributed to mechanical failure rather than driver fault.",pageIndex,1,"NEW-ROAD-SIGNS.pdf|2-2",16.953891590792793,28,4,1.1989970238402314,4.554275714395745,9842,,,
"I was involved in a car accident and charged with reckless driving; I want to know how \"high speed\" vs \"rashness\" is determined and similar cases where the accident was attributed to mechanical failure rather than driver fault.",pageIndex,2,"THE BHARATIYA NYAYA SANHITA, 2023.pdf|23-23",15.754894566952562,28,4,1.1989970238402314,4.554275714395745,9842,,,
"I was involved in a car accident and charged with reckless driving; I want to know how \"high speed\" vs \"rashness\" is determined and similar cases where the accident was attributed to mechanical failure rather than driver fault.",pageIndex,3,"penal_code.pdf|25-25",15.608430127503075,28,4,1.1989970238402314,4.554275714395745,9842,,,
"I was involved in a car accident and charged with reckless driving; I want to know how \"high speed\" vs \"rashness\" is determined and similar cases where the accident was attributed to mechanical failure rather than driver fault.",pageIndex,4,"NEW-ROAD-SIGNS.pdf|2-2",13.3051955917257,28,4,1.1989970238402314,4.554275714395745,9842,,,
"I was involved in a car accident and charged with reckless driving; I want to know how \"high speed\" vs \"rashness\" is determined and similar cases where the accident was attributed to mechanical failure rather than driver fault.",pageIndex,5,"AA2010__19green.pdf|8-8",12.399615876397048,28,4,1.1989970238402314,4.554275714395745,9842,,,
"I am accused of threatening someone to pay money; I need to know the difference between a \"tough business negotiation\" and \"extortion\" and past cases where the lack of \"delivery of property\" led to an acquittal.",vector,1,"THE BHARATIYA NYAYA SANHITA, 2023.pdf|88-88",0.73216695,55,4,0.0006494000000000222,0.0182755,9808,,,
"I am accused of threatening someone to pay money; I need to know the difference between a \"tough business negotiation\" and \"extortion\" and past cases where the lack of \"delivery of property\" led to an acquittal.",vector,2,"penal_code.pdf|97-97",0.73151755,55,4,0.0006494000000000222,0.0182755,9808,,,
"I am accused of threatening someone to pay money; I need to know the difference between a \"tough business negotiation\" and \"extortion\" and past cases where the lack of \"delivery of property\" led to an acquittal.",vector,3,"THE BHARATIYA SAKSHYA ADHINIYAM, 2023.pdf|12-12",0.7197551,55,4,0.0006494000000000222,0.0182755,9808,,,
"I am accused of threatening someone to pay money; I need to know the difference between a \"tough business negotiation\" and \"extortion\" and past cases where the lack of \"delivery of property\" led to an acquittal.",vector,4,"the_code_of_civil_procedure,_1908.pdf|176-176",0.7183366,55,4,0.0006494000000000222,0.0182755,9808,,,
"I am accused of threatening someone to pay money; I need to know the difference between a \"tough business negotiation\" and \"extortion\" and past cases where the lack of \"delivery of property\" led to an acquittal.",vector,5,"THE BHARATIYA NYAYA SANHITA, 2023.pdf|89-89",0.71389145,55,4,0.0006494000000000222,0.0182755,9808,,,
"I am accused of threatening someone to pay money; I need to know the difference between a \"tough business negotiation\" and \"extortion\" and past cases where the lack of \"delivery of property\" led to an acquittal.",pageIndex,1,"THE BHARATIYA NAGARIK SURAKSHA SANHITA, 2023 \u2013 ARRANGEMENT OF CLAUSES.pdf|95-95",15.503491151383507,28,4,0.19016317786378245,3.1488106739279687,9491,,,
"I am accused of threatening someone to pay money; I need to know the difference between a \"tough business negotiation\" and \"extortion\" and past cases where the lack of \"delivery of property\" led to an acquittal.",pageIndex,2,"the_code_of_civil_procedure,_1908.pdf|162-162",15.313327973519725,28,4,0.19016317786378245,3.1488106739279687,9491,,,
"I am accused of threatening someone to pay money; I need to know the difference between a \"tough business negotiation\" and \"extortion\" and past cases where the lack of \"delivery of property\" led to an acquittal.",pageIndex,3,"A2013-30.pdf|3-4",14.527976356047118,28,4,0.19016317786378245,3.1488106739279687,9491,,,
"I am accused of threatening someone to pay money; I need to know the difference between a \"tough business negotiation\" and \"extortion\" and past cases where the lack of \"delivery of property\" led to an acquittal.",pageIndex,4,"A2013-30.pdf|39-39",12.57756581740386,28,4,0.19016317786378245,3.1488106739279687,9491,,,
"I am accused of threatening someone to pay money; I need to know the difference between a \"tough business negotiation\" and \"extortion\" and past cases where the lack of \"delivery of property\" led to an acquittal.",pageIndex,5,"a2016-2.pdf|22-22",12.354680477455538,28,4,0.19016317786378245,3.1488106739279687,9491,,,
"I am accused of taking a minor away from legal guardianship; I want to understand the \"consent of the minor\" defense and similar cases involving elopement where the court quashed the kidnapping charges.",vector,1,"THE BHARATIYA NYAYA SANHITA, 2023.pdf|55-55",0.73063415,57,5,0.00011598999999995474,0.011970399999999937,9609,,,
"I am accused of taking a minor away from legal guardianship; I want to understand the \"consent of the minor\" defense and similar cases involving elopement where the court quashed the kidnapping charges.",vector,2,"a2016-2.pdf|15-15",0.73051816,57,5,0.00011598999999995474,0.011970399999999937,9609,,,
"I am accused of taking a minor away from legal guardianship; I want to understand the \"consent of the minor\" defense and similar cases involving elopement where the court quashed the kidnapping charges.",vector,3,"a2007-06.pdf|7-7",0.72815716,57,5,0.00011598999999995474,0.011970399999999937,9609,,,
"I am accused of taking a minor away from legal guardianship; I want to understand the \"consent of the minor\" defense and similar cases involving elopement where the court quashed the kidnapping charges.",vector,4,"penal_code.pdf|86-86",0.7224821,57,5,0.00011598999999995474,0.011970399999999937,9609,,,
"I am accused of taking a minor away from legal guardianship; I want to understand the \"consent of the minor\" defense and similar cases involving elopement where the court quashed the kidnapping charges.",vector,5,"the_code_of_civil_procedure,_1908.pdf|124-124",0.71866375,57,5,0.00011598999999995474,0.011970399999999937,9609,,,
"I am accused of taking a minor away from legal guardianship; I want to understand the \"consent of the minor\" defense and similar cases involving elopement where the court quashed the kidnapping charges.",pageIndex,1,"THE BHARATIYA NAGARIK SURAKSHA SANHITA, 2023 \u2013 ARRANGEMENT OF CLAUSES.pdf|126-126",19.048705701047044,22,2,1.0285766482467906,4.819700279537081,9395,,,
"I am accused of taking a minor away from legal guardianship; I want to understand the \"consent of the minor\" defense and similar cases involving elopement where the court quashed the kidnapping charges.",pageIndex,2,"penal_code.pdf|86-86",18.020129052800254,22,2,1.0285766482467906,4.819700279537081,9395,,,
"I am accused of taking a minor away from legal guardianship; I want to understand the \"consent of the minor\" defense and similar cases involving elopement where the court quashed the kidnapping charges.",pageIndex,3,"THE BHARATIYA NAGARIK SURAKSHA SANHITA, 2023 \u2013 ARRANGEMENT OF CLAUSES.pdf|12-12",15.480696193255769,22,2,1.0285766482467906,4.819700279537081,9395,,,
"I am accused of taking a minor away from legal guardianship; I want to understand the \"consent of the minor\" defense and similar cases involving elopement where the court quashed the kidnapping charges.",pageIndex,4,"penal_code.pdf|86-86",15.428936541400837,22,2,1.0285766482467906,4.819700279537081,9395,,,
"I am accused of taking a minor away from legal guardianship; I want to understand the \"consent of the minor\" defense and similar cases involving elopement where the court quashed the kidnapping charges.",pageIndex,5,"THE BHARATIYA NAGARIK SURAKSHA SANHITA, 2023 \u2013 ARRANGEMENT OF CLAUSES.pdf|99-99",14.229005421509964,22,2,1.0285766482467906,4.819700279537081,9395,,,
"My cheque bounced due to a technical error, but I'm being sued criminally; I want to know the \"statutory notice\" requirements and past cases where the case was dismissed because the notice period was not followed.",vector,1,"the_code_of_civil_procedure,_1908.pdf|63-63",0.7415175,45,2,0.00735920000000001,0.023647500000000043,9502,,,
"My cheque bounced due to a technical error, but I'm being sued criminally; I want to know the \"statutory notice\" requirements and past cases where the case was dismissed because the notice period was not followed.",vector,2,"the_code_of_civil_procedure,_1908.pdf|63-63",0.7341583,45,2,0.00735920000000001,0.023647500000000043,9502,,,
"My cheque bounced due to a technical error, but I'm being sued criminally; I want to know the \"statutory notice\" requirements and past cases where the case was dismissed because the notice period was not followed.",vector,3,"the_code_of_civil_procedure,_1908.pdf|147-147",0.73034126,45,2,0.00735920000000001,0.023647500000000043,9502,,,
"My cheque bounced due to a technical error, but I'm being sued criminally; I want to know the \"statutory notice\" requirements and past cases where the case was dismissed because the notice period was not followed.",vector,4,"AFOOD.pdf|23-23",0.7237303,45,2,0.00735920000000001,0.023647500000000043,9502,,,
"My cheque bounced due to a technical error, but I'm being sued criminally; I want to know the \"statutory notice\" requirements and past cases where the case was dismissed because the notice period was not followed.",vector,5,"the_code_of_civil_procedure,_1908.pdf|59-59",0.71787,45,2,0.00735920000000001,0.023647500000000043,9502,,,
"My cheque bounced due to a technical error, but I'm being sued criminally; I want to know the \"statutory notice\" requirements and past cases where the case was dismissed because the notice period was not followed.",pageIndex,1,"THE BHARATIYA NYAYA SANHITA, 2023.pdf|100-100",16.577991819771775,16,4,1.4445536322682528e-08,2.736645349751079,10201,,,
"My cheque bounced due to a technical error, but I'm being sued criminally; I want to know the \"statutory notice\" requirements and past cases where the case was dismissed because the notice period was not followed.",pageIndex,2,"penal_code.pdf|109-109",16.57799180532624,16,4,1.4445536322682528e-08,2.736645349751079,10201,,,
"My cheque bounced due to a technical error, but I'm being sued criminally; I want to know the \"statutory notice\" requirements and past cases where the case was dismissed because the notice period was not followed.",pageIndex,3,"THE BHARATIYA SAKSHYA ADHINIYAM, 2023.pdf|34-34",14.815490881372964,16,4,1.4445536322682528e-08,2.736645349751079,10201,,,
"My cheque bounced due to a technical error, but I'm being sued criminally; I want to know the \"statutory notice\" requirements and past cases where the case was dismissed because the notice period was not followed.",pageIndex,4,"THE BHARATIYA NAGARIK SURAKSHA SANHITA, 2023 \u2013 ARRANGEMENT OF CLAUSES.pdf|171-171",14.36633787020258,16,4,1.4445536322682528e-08,2.736645349751079,10201,,,
"My cheque bounced due to a technical error, but I'm being sued criminally; I want to know the \"statutory notice\" requirements and past cases where the case was dismissed because the notice period was not followed.",pageIndex,5,"THE BHARATIYA NYAYA SANHITA, 2023.pdf|91-91",13.841346470020696,16,4,1.4445536322682528e-08,2.736645349751079,10201,,,
"I am accused of possessing fake currency notes; I need to know if \"knowledge of falsity\" must be proven by the police and similar cases where innocent people were acquitted for unknowingly carrying fake notes.",vector,1,"penal_code.pdf|113-113",0.77705586,47,3,0.0004368600000000944,0.026501419999999998,9302,,,
"I am accused of possessing fake currency notes; I need to know if \"knowledge of falsity\" must be proven by the police and similar cases where innocent people were acquitted for unknowingly carrying fake notes.",vector,2,"THE BHARATIYA SAKSHYA ADHINIYAM, 2023.pdf|14-14",0.776619,47,3,0.0004368600000000944,0.026501419999999998,9302,,,
"I am accused of possessing fake currency notes; I need to know if \"knowledge of falsity\" must be proven by the police and similar cases where innocent people were acquitted for unknowingly carrying fake notes.",vector,3,"THE BHARATIYA NYAYA SANHITA, 2023.pdf|62-62",0.7594066,47,3,0.0004368600000000944,0.026501419999999998,9302,,,
"I am accused of possessing fake currency notes; I need to know if \"knowledge of falsity\" must be proven by the police and similar cases where innocent people were acquitted for unknowingly carrying fake notes.",vector,4,"THE BHARATIYA SAKSHYA ADHINIYAM, 2023.pdf|17-17",0.75559926,47,3,0.0004368600000000944,0.026501419999999998,9302,,,
"I am accused of possessing fake currency notes; I need to know if \"knowledge of falsity\" must be proven by the police and similar cases where innocent people were acquitted for unknowingly carrying fake notes.",vector,5,"penal_code.pdf|51-51",0.75055444,47,3,0.0004368600000000944,0.026501419999999998,9302,,,
"I am accused of possessing fake currency notes; I need to know if \"knowledge of falsity\" must be proven by the police and similar cases where innocent people were acquitted for unknowingly carrying fake notes.",pageIndex,1,"penal_code.pdf|12-12",28.930141639240006,23,3,0.5399126059317645,5.8287335082948,8466,,,
"I am accused of possessing fake currency notes; I need to know if \"knowledge of falsity\" must be proven by the police and similar cases where innocent people were acquitted for unknowingly carrying fake notes.",pageIndex,2,"penal_code.pdf|12-12",28.39022903330824,23,3,0.5399126059317645,5.8287335082948,8466,,,
"I am accused of possessing fake currency notes; I need to know if \"knowledge of falsity\" must be proven by the police and similar cases where innocent people were acquitted for unknowingly carrying fake notes.",pageIndex,3,"THE BHARATIYA NYAYA SANHITA, 2023.pdf|7-7",24.90526197321355,23,3,0.5399126059317645,5.8287335082948,8466,,,
"I am accused of possessing fake currency notes; I need to know if \"knowledge of falsity\" must be proven by the police and similar cases where innocent people were acquitted for unknowingly carrying fake notes.",pageIndex,4,"THE BHARATIYA NAGARIK SURAKSHA SANHITA, 2023 \u2013 ARRANGEMENT OF CLAUSES.pdf|188-188",23.678719721266678,23,3,0.5399126059317645,5.8287335082948,8466,,,
"I am accused of possessing fake currency notes; I need to know if \"knowledge of falsity\" must be proven by the police and similar cases where innocent people were acquitted for unknowingly carrying fake notes.",pageIndex,5,"penal_code.pdf|113-113",23.101408130945206,23,3,0.5399126059317645,5.8287335082948,8466,,,
"As an employee, I'm accused of misappropriating office funds; I want to know how \"entrustment\" is legally defined and past cases where it was proven to be a mere accounting error.",vector,1,"penal_code.pdf|100-100",0.72902286,51,4,0.024451860000000103,0.026446820000000093,10357,,,
"As an employee, I'm accused of misappropriating office funds; I want to know how \"entrustment\" is legally defined and past cases where it was proven to be a mere accounting error.",vector,2,"201401.pdf|19-19",0.704571,51,4,0.024451860000000103,0.026446820000000093,10357,,,
"As an employee, I'm accused of misappropriating office funds; I want to know how \"entrustment\" is legally defined and past cases where it was proven to be a mere accounting error.",vector,3,"penal_code.pdf|101-101",0.70424867,51,4,0.024451860000000103,0.026446820000000093,10357,,,
"As an employee, I'm accused of misappropriating office funds; I want to know how \"entrustment\" is legally defined and past cases where it was proven to be a mere accounting error.",vector,4,"THE BHARATIYA SAKSHYA ADHINIYAM, 2023.pdf|15-15",0.70332205,51,4,0.024451860000000103,0.026446820000000093,10357,,,
"As an employee, I'm accused of misappropriating office funds; I want to know how \"entrustment\" is legally defined and past cases where it was proven to be a mere accounting error.",vector,5,"THE BHARATIYA NYAYA SANHITA, 2023.pdf|92-92",0.70257604,51,4,0.024451860000000103,0.026446820000000093,10357,,,
"As an employee, I'm accused of misappropriating office funds; I want to know how \"entrustment\" is legally defined and past cases where it was proven to be a mere accounting error.",pageIndex,1,"A2013-18.pdf|303-303",13.366567456946685,26,3,1.20480581224761,2.3472167742801044,7678,,,
"As an employee, I'm accused of misappropriating office funds; I want to know how \"entrustment\" is legally defined and past cases where it was proven to be a mere accounting error.",pageIndex,2,"A2013-18.pdf|300-301",12.161761644699075,26,3,1.20480581224761,2.3472167742801044,7678,,,
"As an employee, I'm accused of misappropriating office funds; I want to know how \"entrustment\" is legally defined and past cases where it was proven to be a mere accounting error.",pageIndex,3,"a2009-12.pdf|8-8",11.464964273093123,26,3,1.20480581224761,2.3472167742801044,7678,,,
"As an employee, I'm accused of misappropriating office funds; I want to know how \"entrustment\" is legally defined and past cases where it was proven to be a mere accounting error.",pageIndex,4,"201235.pdf|1-2",11.07287134119345,26,3,1.20480581224761,2.3472167742801044,7678,,,
"As an employee, I'm accused of misappropriating office funds; I want to know how \"entrustment\" is legally defined and past cases where it was proven to be a mere accounting error.",pageIndex,5,"A2013-18.pdf|208-208",11.01935068266658,26,3,1.20480581224761,2.3472167742801044,7678,,,
"I was arrested for being part of a crowd where violence broke out; I want to know about the \"common object\" rule and sample cases where bystanders were separated from the actual perpetrators.",vector,1,"THE BHARATIYA NYAYA SANHITA, 2023.pdf|7-7",0.7172569,54,2,0.023399229999999993,0.03521479999999999,8756,,,
"I was arrested for being part of a crowd where violence broke out; I want to know about the \"common object\" rule and sample cases where bystanders were separated from the actual perpetrators.",vector,2,"THE BHARATIYA NYAYA SANHITA, 2023.pdf|65-65",0.69385767,54,2,0.023399229999999993,0.03521479999999999,8756,,,
"I was arrested for being part of a crowd where violence broke out; I want to know about the \"common object\" rule and sample cases where bystanders were separated from the actual perpetrators.",vector,3,"THE BHARATIYA NAGARIK SURAKSHA SANHITA, 2023 \u2013 ARRANGEMENT OF CLAUSES.pdf|34-34",0.69113314,54,2,0.023399229999999993,0.03521479999999999,8756,,,
"I was arrested for being part of a crowd where violence broke out; I want to know about the \"common object\" rule and sample cases where bystanders were separated from the actual perpetrators.",vector,4,"THE BHARATIYA NAGARIK SURAKSHA SANHITA, 2023 \u2013 ARRANGEMENT OF CLAUSES.pdf|126-126",0.68436456,54,2,0.023399229999999993,0.03521479999999999,8756,,,
"I was arrested for being part of a crowd where violence broke out; I want to know about the \"common object\" rule and sample cases where bystanders were separated from the actual perpetrators.",vector,5,"THE BHARATIYA NAGARIK SURAKSHA SANHITA, 2023 \u2013 ARRANGEMENT OF CLAUSES.pdf|63-63",0.6820421,54,2,0.023399229999999993,0.03521479999999999,8756,,,
"I was arrested for being part of a crowd where violence broke out; I want to know about the \"common object\" rule and sample cases where bystanders were separated from the actual perpetrators.",pageIndex,1,"THE BHARATIYA NAGARIK SURAKSHA SANHITA, 2023 \u2013 ARRANGEMENT OF CLAUSES.pdf|37-37",15.465550807810482,22,4,0.022116463416057996,2.0818617523893685,9212,,,
"I was arrested for being part of a crowd where violence broke out; I want to know about the \"common object\" rule and sample cases where bystanders were separated from the actual perpetrators.",pageIndex,2,"THE BHARATIYA SAKSHYA ADHINIYAM, 2023.pdf|19-19",15.443434344394424,22,4,0.022116463416057996,2.0818617523893685,9212,,,
"I was arrested for being part of a crowd where violence broke out; I want to know about the \"common object\" rule and sample cases where bystanders were separated from the actual perpetrators.",pageIndex,3,"THE BHARATIYA NYAYA SANHITA, 2023.pdf|23-23",13.596565500987813,22,4,0.022116463416057996,2.0818617523893685,9212,,,
"I was arrested for being part of a crowd where violence broke out; I want to know about the \"common object\" rule and sample cases where bystanders were separated from the actual perpetrators.",pageIndex,4,"penal_code.pdf|25-25",13.458209123047366,22,4,0.022116463416057996,2.0818617523893685,9212,,,
"I was arrested for being part of a crowd where violence broke out; I want to know about the \"common object\" rule and sample cases where bystanders were separated from the actual perpetrators.",pageIndex,5,"THE BHARATIYA SAKSHYA ADHINIYAM, 2023.pdf|34-34",13.383689055421113,22,4,0.022116463416057996,2.0818617523893685,9212,,,
"I am facing an accusation of unwelcome physical contact at a workplace; I need to know the definitions of \"sexual intent\" vs \"accidental touch\" and past cases where internal committee reports were used in criminal proceedings.",vector,1,"penal_code.pdf|83-83",0.6968095,48,2,0.02255879999999999,0.030429700000000004,7969,,,
"I am facing an accusation of unwelcome physical contact at a workplace; I need to know the definitions of \"sexual intent\" vs \"accidental touch\" and past cases where internal committee reports were used in criminal proceedings.",vector,2,"A2013-14.pdf|5-5",0.6742507,48,2,0.02255879999999999,0.030429700000000004,7969,,,
"I am facing an accusation of unwelcome physical contact at a workplace; I need to know the definitions of \"sexual intent\" vs \"accidental touch\" and past cases where internal committee reports were used in criminal proceedings.",vector,3,"A2013-14.pdf|12-12",0.67291707,48,2,0.02255879999999999,0.030429700000000004,7969,,,
"I am facing an accusation of unwelcome physical contact at a workplace; I need to know the definitions of \"sexual intent\" vs \"accidental touch\" and past cases where internal committee reports were used in criminal proceedings.",vector,4,"A2013-14.pdf|5-5",0.66864854,48,2,0.02255879999999999,0.030429700000000004,7969,,,
"I am facing an accusation of unwelcome physical contact at a workplace; I need to know the definitions of \"sexual intent\" vs \"accidental touch\" and past cases where internal committee reports were used in criminal proceedings.",vector,5,"penal_code.pdf|85-85",0.6663798,48,2,0.02255879999999999,0.030429700000000004,7969,,,
"I am facing an accusation of unwelcome physical contact at a workplace; I need to know the definitions of \"sexual intent\" vs \"accidental touch\" and past cases where internal committee reports were used in criminal proceedings.",pageIndex,1,"A2013-14.pdf|5-5",30.865669047377597,23,3,2.1776698161540864,15.693475928578591,8873,,,
"I am facing an accusation of unwelcome physical contact at a workplace; I need to know the definitions of \"sexual intent\" vs \"accidental touch\" and past cases where internal committee reports were used in criminal proceedings.",pageIndex,2,"penal_code.pdf|83-83",28.68799923122351,23,3,2.1776698161540864,15.693475928578591,8873,,,
"I am facing an accusation of unwelcome physical contact at a workplace; I need to know the definitions of \"sexual intent\" vs \"accidental touch\" and past cases where internal committee reports were used in criminal proceedings.",pageIndex,3,"THE BHARATIYA NYAYA SANHITA, 2023.pdf|38-38",19.46970315810726,23,3,2.1776698161540864,15.693475928578591,8873,,,
"I am facing an accusation of unwelcome physical contact at a workplace; I need to know the definitions of \"sexual intent\" vs \"accidental touch\" and past cases where internal committee reports were used in criminal proceedings.",pageIndex,4,"A2013-14.pdf|11-11",15.423320011947206,23,3,2.1776698161540864,15.693475928578591,8873,,,
"I am facing an accusation of unwelcome physical contact at a workplace; I need to know the definitions of \"sexual intent\" vs \"accidental touch\" and past cases where internal committee reports were used in criminal proceedings.",pageIndex,5,"penal_code.pdf|83-83",15.172193118799006,23,3,2.1776698161540864,15.693475928578591,8873,,,
